<?xml version="1.0" encoding="UTF-8"?>
<!DOCTYPE mapper PUBLIC "-//mybatis.org//DTD Mapper 3.0//EN" "http://mybatis.org/dtd/mybatis-3-mapper.dtd" >
<!--작성자 : rys-->
<mapper namespace="guide">   
	<!--가이드 상세 페이지 등록 ===> DB 입력-->
	<insert id="insert">
		insert into tour (tour_no,tour_title,tour_sdate,tour_edate,tour_pay,tour_cont,tour_img,board_no)
		values(tour_seq.nextval,#{tour_title},#{tour_sdate},#{tour_edate},#{tour_pay},#{tour_cont},#{tour_img},#{board_no})
	</insert>
<!-- 	<insert id="insert"> -->
<!-- 		insert into tour (tour_img) -->
<!-- 		values(#{tour_img}) -->
<!-- 	</insert> -->

	<!-- 특정 가이드 상세페이지 가져오기 -->
	<select id="list" resultType="GuideVO">
		select
		tour_no,tour_title,tour_sdate,tour_edate,tour_pay,tour_cont,tour_img,board_no
		from tour
		where board_no=#{board_no}
	</select>

	<!--myApplySchedule 투어예정-->
	<select id="myApplySchedule" resultType="GuideVO">
		select 
		tour_title,tour_sdate,tour_edate,board_no
		from tour
		where tour_edate>sysdate
	</select>

	<!--myApplyPast 투어완료-->
	<select id="myApplyPast" resultType="GuideVO">
		select 
		tour_title,tour_sdate,tour_edate,board_no
		from tour
		where sysdate>tour_edate 
	</select>
	
	<!--가이드 상세페이지 DB수정 -->
	<update id="update">
		update tour
		set tour_title=#{tour_title},tour_sdate=#{tour_sdate},tour_edate=#{tour_edate},tour_pay=#{tour_pay},tour_cont=#{tour_cont}
		where tour_no=#{tour_no}
	</update>
	
	<!--가이드 상세페이지 DB삭제 -->
	<delete id="delete">
		delete from tour
		where tour_no=#{tour_no}
	</delete>
	
	<!--가이드 상세페이지 수정폼-->
		<select id="myApplyGuideUpdate" resultType="GuideVO">
		select 
		tour_no
		from tour
		where tour_no=#{tour_no} 
	</select>
	
</mapper>