<?xml version="1.0" encoding="UTF-8"?>
<!DOCTYPE mapper PUBLIC "-//mybatis.org//DTD Mapper 3.0//EN" "http://mybatis.org/dtd/mybatis-3-mapper.dtd" >
<mapper namespace="main">
		<!--특정 범위 해당하는 마커 정보 리스트 -->
		<select id="listBoard" resultType="boardVO">
			select board_no, member_email, board_type, board_title, board_cont, board_img, board_view, board_like, board_alti, board_long, board_max
			from board
			where board_alti between #{south} and #{north} and board_long between #{west} and #{east}
			<if test="board_type !=null">
						and board_type = #{board_type}
			</if>            
		</select>
		<select id="listBoardAll" resultType="boardVO">
			select board_no, member_email, board_type, board_title, board_cont, board_img, board_view, board_like, board_alti, board_long, board_max
			from board
		</select>
		<select id="listCustom" resultType="boardVO">
			select board_no, member_email, board_type, board_title, board_cont, board_img, board_view, board_like, board_alti, board_long, board_max
			from board
			where substr(board_alti,0,14)=#{lat} and board_long=#{lng}
		</select>
		<select id="locInfo" resultType="string">
			select member_pref from member where member_email=#{email}
		</select>
		<select id="listName" resultType="string">
				select member_email
				from member
				where upper(member_email) like upper(#{search})
				ORDER BY member_email
		</select>
</mapper> 