<?xml version="1.0" encoding="UTF-8"?>
<!DOCTYPE mapper PUBLIC "-//mybatis.org//DTD Mapper 3.0//EN" "http://mybatis.org/dtd/mybatis-3-mapper.dtd" >
<mapper namespace="member">
	<insert id="insert">
		insert into member(member_email,member_pw,member_name,member_addr,member_tel,member_pref)
		values('${member_email}','${member_pw}','${member_name}','${member_addr}','${member_tel}','${member_pref}')
	</insert>
	
	<update id="update_state">
		update member
		set member_state=${member_state}
		where member_email='${member_email}'
	</update>
	
	<select id="signin" resultType="int">
		select count(*) from member
		where member_email='${member_email}' and member_pw='${member_pw}' and member_state=1
	</select>
	
	<select id="findEmail" resultType="String">
		select member_email from member
		where member_name='${member_name}' and member_tel='${member_tel}'
	</select>
	
	<update id="update_pw">
		update member
		set member_pw='${member_pw}'
		where member_name='${member_name}' and member_email='${member_email}' 
	</update>
</mapper>