<?xml version="1.0" encoding="UTF-8"?>
<!DOCTYPE mapper PUBLIC "-//mybatis.org//DTD Mapper 3.0//EN" "http://mybatis.org/dtd/mybatis-3-mapper.dtd" >
<!--작성자 : rys-->
<mapper namespace="member">   
  <!--회원정보 수정-->
  <update id="myUpdate">
  	update member set member_pw=#{member_pw},
					  member_addr=#{member_addr},
					  member_tel=#{member_tel},
					  member_pref=#{member_pref},
					  member_intro=#{member_intro}
					  where member_email=#{member_email}
  </update>
  
  	<!-- 전체회원정보 조회 -->
<!-- 	<select id="myUpdateCheck" resultType="MemberVO"> -->
<!-- 		select member_email,member_pw,member_name,member_addr,member_tel,member_pref,member_intro -->
<!-- 		from member -->
<!-- 		order by member_email ASC -->
<!-- 	</select> -->

	<!-- 특정 아이디 읽기 -->
	<select id="read" resultType="MemberVO">
		select member_email,member_pw,member_name,member_addr,member_tel,member_pref,member_intro
		from member
		where member_email=#{member_email}
	</select>

	<!-- 특정 글번호 삭제 -->
	<delete id="delete">
		delete from member
		where member_email=#{member_email}
	</delete>
	
	<!-- 특정 아이디가 쓴 게시글 조회 -->
	<select id="readIdBoard" resultType="boardVO">
		select board_no,member_email,board_type,board_title,board_cont,board_img,board_view,board_like,board_date 
		from board
		where member_email=#{member_email}
	</select>
	
	<!-- 팔로우(구독) -->
	<!-- 특정 아이디 구독(팔로우) -->
	<insert id="insertSub">
		insert into sub (member_email_sub,member_email_guide) 
		values (#{member_email_sub},#{member_email_guide})
	</insert>
	
	<!-- 특정 아이디 팔로우 수 -->
	<select id="subCount" resultType="int">
		select count(*) 
		from sub 
		where member_email_guide=#{member_email_guide}
	</select>
	
	<!-- 특정 아이디를 팔로우 한 사용자 조회 -->
	<select id="selectSub" resultType="SubVO">
		select member_email_sub,sub_date 
		from sub 
		where member_email_guide=#{member_email_guide}
	</select>
	
	<!-- 로그인한 아이디가 팔로우한 사용자인지 알기위해-->
	<select id="checkSub" resultType="int">
		select count(*) 
		from sub 
		where member_email_sub=#{member_email_sub} 
		and member_email_guide=#{member_email_guide}
	</select>
	
	<!-- 특정 아이디 구독(팔로우)취소 -->
	<delete id="deleteSub">
		delete from sub 
		where member_email_sub=#{member_email_sub} and member_email_guide=#{member_email_guide}
	</delete>
	
	<!-- 내가 팔로우한 사용자들 조회 -->
	<select id="myGuide" resultType="SubVO">
		select member_email_guide,sub_date 
		from sub 
		where member_email_sub=#{member_email_sub}
	</select>
	
	<!-- 사용자가 쓴 게시글 행 수 조회 -->
	<select id="countMBord" resultType="int">
		select count(*) 
		from board 
		where member_email=#{member_email}
	</select>
	
</mapper>