<?xml version="1.0" encoding="UTF-8"?>
<!DOCTYPE mapper PUBLIC "-//mybatis.org//DTD Mapper 3.0//EN" "http://mybatis.org/dtd/mybatis-3-mapper.dtd" >
<!--작성자 : rys-->
<mapper namespace="payInfo">   
	<!--DB 입력-->
	<insert id="insert">
<!-- 		insert into pay (pay_no,pay_num,pay_pay,pay_way,board_no,pay_state,pay_pdate,member_email) -->
<!-- 		values(pay_seq.nextval,#{pay_num},#{pay_pay},#{pay_way},#{board_no},#{pay_state},sysdate,#{member_email}) -->
		insert into pay (pay_no,member_email,pay_num,pay_pay,board_no,pay_way,pay_state)
		values(pay_seq.nextval,#{member_email},#{pay_num},#{pay_pay},#{board_no},#{pay_way},#{pay_state})
	</insert>
	
<!-- 	<insert id="pay_cdate"> -->
<!-- 		insert into pay (pay_cdate) -->
<!-- 		values(sysdate) -->
<!-- 	</insert> -->

	<!--결제내역 조회(ver : GuideVO)-->
	<select id="payList" resultType="GuideVO">
		select
		tour_no,tour_title,tour_sdate,tour_edate,tour_pay,tour_cont,tour_img,board_no
		from tour
		where tour_no=#{tour_no}
	</select>

	<!--결제내역 조회(ver : PayInfoVO)-->
	<select id="payList2" resultType="PayInfoVO">
		select
		pay_no,pay_num,pay_pay,pay_way,pay_state,pay_pdate,pay_cdate,board_no,member_email
		from pay
		where member_email=#{member_email}
	</select>

	<select id="payList_payno" resultType="PayInfoVO">
		select
		pay_no,pay_num,pay_pay,pay_way,pay_state,pay_pdate,pay_cdate,member_email
		from pay
		where pay_no=#{pay_no}
		order by pay_no desc
	</select>
	
	<!--결제내역 수정-->
	<update id="update">
		update pay
		set pay_state=#{pay_state},pay_cdate=sysdate
		where pay_no=#{pay_no}
	</update>

	<!--전체 행 수 조회 -->
	<select id="totalCount" resultType="int">
		select count(member_email) from pay
	</select>
</mapper>