<?xml version="1.0" encoding="UTF-8" ?>
<!DOCTYPE mapper
PUBLIC "-//mybatis.org//DTD Mapper 3.0//EN"
"http://mybatis.org/dtd/mybatis-3-mapper.dtd">
<!-- rank.xml -->
<mapper namespace="rank">

	<!-- 분야별 랭킹 보기 -->
	<select id="categoryRank1" resultType="boardVO">
		select member_email,board_title,board_like,board_img,board_date,board_no
		from board 
		where board_type='맛집' and
		rownum between 1 and 3 
		order by board_like desc
	</select>
	<select id="categoryRank2" resultType="boardVO">
		select member_email,board_title,board_like,board_img,board_date,board_no
		from board  
		where board_type='교통' and
		rownum between 1 and 3 
		order by board_like desc
	</select>
	<select id="categoryRank3" resultType="boardVO">
		select member_email,board_title,board_like,board_img,board_date,board_no
		from board 
		where board_type='편의시설' and
		rownum between 1 and 3 
		order by board_like desc
	</select>
	<select id="categoryRank4" resultType="boardVO">
		select member_email,board_title,board_like,board_img,board_date,board_no
		from board 
		where board_type='숙박' and 
		rownum between 1 and 3 
		order by board_like desc
	</select>
	<select id="categoryRank5" resultType="boardVO">
		select member_email,board_title,board_like,board_img,board_date,board_no
		from board 
		where board_type='랜드마크' and
		rownum between 1 and 3 
		order by board_like desc
	</select>
	
</mapper>