<?xml version="1.0" encoding="UTF-8" ?>
<!DOCTYPE mapper
PUBLIC "-//mybatis.org//DTD Mapper 3.0//EN"
"http://mybatis.org/dtd/mybatis-3-mapper.dtd">
<mapper namespace="board">
	<insert id="create">
		insert into tbl_board (bno,title,content,writer)
		values(tbl_board_seq.nextval,#{title},#{content},#{writer})
	</insert>
	
	<!--목록조회-->
	<select id="listAll" resultType="BoardVO">
		select bno,title,content,writer,regdate,viewcnt
		from tbl_board
		order by bno desc
	</select>
	
	<!--특정 글 번호 읽기-->
	<select id="read" resultType="BoardVO">
		select bno,title,content,writer
		from tbl_board
		where bno=#{bno}
	</select>
	
	<!--특정 글 번호 대한 수정-->
	<update id="update">
		update tbl_board
		set title=#{title}, content=#{content}
		where bno=#{bno}
	</update>
	
	<!--글 삭제-->
	<delete id="delete">
		delete from tbl_board where bno=#{bno}
	</delete>
</mapper>