<?xml version="1.0" encoding="UTF-8"?>
<!DOCTYPE sqlMap PUBLIC "-//iBATIS.com//DTD SQL Map 2.0//EN" "http://www.ibatis.com/dtd/sql-map-2.dtd" >
<sqlMap namespace="guest">
  <insert id="insert" parameterClass="guest.vo.Guest">
     insert into guest
       <isNotEmpty property="contents">
          (no,writer,email,tel,pass,contents,wdate)
		   values (guest_seq.nextval, #writer#,#email#,#tel#,
		        #pass#,#contents#, sysdate)
       </isNotEmpty>
       <isEmpty  property="contents">
          (no,writer,email,tel,pass,wdate)
		values (guest_seq.nextval, #writer#,#email#,#tel#,
		        #pass#, sysdate)
       </isEmpty>
  </insert>

  <!-- <insert id="insert1" parameterClass="guest.vo.Guest">
    insert into guest (no,writer,email,tel,pass,contents,wdate)
		values (guest_seq.nextval, #writer#,#email#,#tel#,
		        #pass#,#contents#, sysdate)
  </insert>
  
  <insert id="insert2" parameterClass="guest.vo.Guest">
    insert into guest (no,writer,email,tel,pass,wdate)
		values (guest_seq.nextval, #writer#,#email#,#tel#,
		        #pass#, sysdate)
  </insert> -->
  
  <select id="selectAll" resultClass="guest.vo.Guest">
     select no,writer,tel,contents,wdate
     from guest
     order by no desc
  </select>
  
  <!-- 한페이지(한 화면)에서 보여질 만큼만 조회(예:조회된 레코드 위에서 10개) -->
  <!-- 1페이지(첫페이지) 조회 -->
  <select id="selectPage" resultClass="guest.vo.Guest"
                          parameterClass="java.util.Map" ><![CDATA[
    
	select no,writer,tel,contents,wdate
	from (select no,writer,tel,contents,wdate,rownum rn
	      from (select no,writer,tel,contents,wdate
	            from guest
	            order by no desc
	           )
	     )
    where rn between #start# and #end#
     
  ]]></select>
  
  <!-- 2페이지 조회 -->
  <select id="selectPage2" resultClass="guest.vo.Guest"><![CDATA[
    
	select no,writer,tel,contents,wdate
	from (select no,writer,tel,contents,wdate,rownum rn
	      from (select no,writer,tel,contents,wdate
	            from guest
	            order by no desc
	           )
	     )
    where rn between 11 and 20
     
  ]]></select>
  
  <!-- 3페이지 조회 -->
  <select id="selectPage3" resultClass="guest.vo.Guest"><![CDATA[
    
	select no,writer,tel,contents,wdate
	from (select no,writer,tel,contents,wdate,rownum rn
	      from (select no,writer,tel,contents,wdate
	            from guest
	            order by no desc
	           )
	     )
    where rn between 21 and 30
     
  ]]></select>
  
  <!-- 수정폼에 출력할 데이터 조회 -->
  <select id="select" 
          resultClass="guest.vo.Guest"
          parameterClass="int">
     select writer,email,tel,pass,contents
     from guest
     where no=#no# 
  </select>
  
  <!-- 전체레코드 수 조회 -->
  <select id="selectCount" resultClass="int">
      select count(*) from guest
  </select>
  
  <update id="update" parameterClass="guest.vo.Guest">
     update guest set writer=#writer#, email=#email#,
                 tel=#tel#, pass=#pass#, contents=#contents#
     where no=#no#    
  </update>
  
  <delete id="delete" parameterClass="int">
     delete from guest
     where no=#value#
  </delete>
  
  <!--전체페이지 수 조회-->
  <select id="selectRecordCount" parameterClass="int" resultClass="int">
	select ceil((select count(*) from guest)/#pageCount#) from dual
  </select>
</sqlMap>



