<?xml version="1.0" encoding="UTF-8" ?>
<!DOCTYPE mapper
PUBLIC "-//mybatis.org//DTD Mapper 3.0//EN"
"http://mybatis.org/dtd/mybatis-3-mapper.dtd">
<!-- board.xml -->
<mapper namespace="board">
  <insert id="create">
     insert into tbl_board (bno,title,content,writer)
     values (tbl_board_seq.nextval, #{title}, #{content}, #{writer})
  </insert>
  
  <!-- 목록조회 -->
  <select id="listAll" resultType="BoardVO">
     select bno,title,content,writer,regdate,viewcnt
     from tbl_board
     order by bno desc
  </select>
  
  <!-- 목록조회(페이징) -->
  <select id="listPage" resultType="BoardVO">
     select bno,title,content,writer,regdate,viewcnt
     from (select bno,title,content,writer,regdate,viewcnt,rownum rn
           from (select bno,title,content,writer,regdate,viewcnt
                 from tbl_board           
                 order by bno desc
                )
           )
     where rn between 11 and 20           
  </select>
  
  <!-- 목록조회(페이징) -->
  <select id="listPage2" resultType="BoardVO">
     select bno,title,content,writer,regdate,viewcnt
     from tbl_board           
     order by bno desc        
  </select>
  
  <!-- 목록조회(페이징:MySQL) -->
<!--   <select id="listPageMySql" resultType="BoardVO">
     select bno,title,content,writer,regdate,viewcnt
     from tbl_board           
     order by bno desc
     limit 0, 10  0:skip수    10:length   글번호:100~91            
     limit 10, 10  10:skip수    10:length 글번호:90~81           
  </select> -->
  
  <!-- 전체 행의 수 구하기 -->
  <select id="selectTotalCount" resultType="int">
     select count(*)
     from tbl_board
  </select>
  
  
  <!-- 특정 글번호 읽기 -->
  <select id="read" resultType="BoardVO">
     select bno,title,content,writer
     from tbl_board
     where bno=#{bno}
  </select>
  
  <!-- 특정 글번호 수정 -->
  <update id="update">
     update tbl_board
     set title=#{title}, content=#{content}
     where bno=#{bno}
  </update>
  
  <!-- 특정 글번호 삭제 -->
  <delete id="delete">
     delete from tbl_board
     where bno=#{bno}
  </delete>
  
</mapper>


