<?xml version="1.0" encoding="UTF-8"?>
<beans:beans xmlns="http://www.springframework.org/schema/mvc"
	xmlns:xsi="http://www.w3.org/2001/XMLSchema-instance"
	xmlns:beans="http://www.springframework.org/schema/beans"
	xmlns:context="http://www.springframework.org/schema/context"
	xmlns:websocket="http://www.springframework.org/schema/websocket"
	xsi:schemaLocation="http://www.springframework.org/schema/websocket http://www.springframework.org/schema/websocket/spring-websocket-4.3.xsd
		http://www.springframework.org/schema/mvc http://www.springframework.org/schema/mvc/spring-mvc.xsd
		http://www.springframework.org/schema/beans http://www.springframework.org/schema/beans/spring-beans.xsd
		http://www.springframework.org/schema/context http://www.springframework.org/schema/context/spring-context.xsd">

	<!-- DispatcherServlet Context: defines this servlet's request-processing 
		infrastructure -->

	<!-- Enables the Spring MVC @Controller programming model -->
	<annotation-driven>
		<!-- @ResponseBody에 대한 한글처리(주로 Ajax요청에 대한 응답) -->
		<message-converters>
			<beans:bean
				class="org.springframework.http.converter.StringHttpMessageConverter">
				<beans:property name="supportedMediaTypes"
					value="text/html;charset=UTF-8"></beans:property>
			</beans:bean>
		</message-converters>
	</annotation-driven>

	<!-- Handles HTTP GET requests for /resources/** by efficiently serving 
		up static resources in the ${webappRoot}/resources directory -->
	<resources mapping="/resources/**" location="/resources/" />
	

	<!-- Web Socket -->
	 <websocket:handlers>
		<websocket:mapping handler="echoHandler" path="/echo/"/>
		<websocket:sockjs/>
	</websocket:handlers>
	<beans:bean id="echoHandler" class="com.localup.websocket.EchoHandler"></beans:bean> 
	
	<!-- Resolves views selected for rendering by @Controllers to .jsp resources 
		in the /WEB-INF/views directory -->
	<beans:bean
		class="org.springframework.web.servlet.view.InternalResourceViewResolver">
		<beans:property name="prefix" value="/WEB-INF/views/" />
		<beans:property name="suffix" value=".jsp" />
	</beans:bean>

	<!--패키지 등록-->
	<context:component-scan
		base-package="com.localup.control" />

	<context:component-scan
		base-package="com.localup.test" />
	<!-- 
		  브라우저가 multipart/form-data
		  데이터로 보내는 파일을 처리하기 위한 MultipartResolver 클래스를 
		 bean으로 등록
	-->
	<beans:bean id="multipartResolver"
		class="org.springframework.web.multipart.commons.CommonsMultipartResolver">
		
		<!--10485760 : Test용으로 10mb 제한두었음-->
		<beans:property name="maxUploadSize" value="10485760"></beans:property>
	</beans:bean>
	
	<!--서버의 파일 저장 경로 설정-->
	<!--이유는 서비스 할 때 데이터베이스에서 읽어야 하는 등 성능상에 문제가 있을 수 있다-->
	<beans:bean id="uploadPath" class="java.lang.String">
<!-- 		<beans:constructor-arg value="D:\localup\workspace\.metadata\.plugins\org.eclipse.wst.server.core\tmp0\wtpwebapps\localup\resources\img"></beans:constructor-arg> -->
		<beans:constructor-arg value="C:\localup\workspace\.metadata\.plugins\org.eclipse.wst.server.core\tmp0\wtpwebapps\localup\resources\img"></beans:constructor-arg>
	</beans:bean>
	
	
</beans:beans>


